id,name,short_name,category,tier,official_page,download_url,grain,unit_of_observation,phi_classification,reid_risk,omop_status,curation_level,use_cases,vocabularies,last_validated
brfss,Behavioral Risk Factor Surveillance System,BRFSS,cdc-surveillance,open,https://www.cdc.gov/brfss/data_documentation/index.htm,https://www.cdc.gov/brfss/data_documentation/index.htm,"respondent, report, certificate, facility, or aggregate public-health record",surveillance observation,public-use-deidentified-or-aggregate,low,not-primary-omop-source,seed,disease-surveillance;population-risk;health-equity-analysis,survey variables;FIPS/state;weights,2026-05-17
cdc-wonder,CDC WONDER,WONDER,cdc-surveillance,open,https://wonder.cdc.gov/,https://wonder.cdc.gov/,"respondent, report, certificate, facility, or aggregate public-health record",surveillance observation,public-use-deidentified-or-aggregate,low,not-primary-omop-source,seed,disease-surveillance;population-risk;health-equity-analysis,ICD-10;FIPS;suppressed aggregate counts,2026-05-17
fluview-flusurvnet,FluView / FluSurv-NET,FluView,cdc-surveillance,open,https://www.cdc.gov/fluview/,https://www.cdc.gov/fluview/,"respondent, report, certificate, facility, or aggregate public-health record",surveillance observation,public-use-deidentified-or-aggregate,low,not-primary-omop-source,seed,disease-surveillance;population-risk;health-equity-analysis,MMWR week;region;age strata,2026-05-17
nhanes,National Health and Nutrition Examination Survey,NHANES,cdc-surveillance,open,https://www.cdc.gov/nchs/nhanes/index.htm,https://www.cdc.gov/nchs/nhanes/index.htm,person-level component files keyed by SEQN across two-year survey cycles,survey participant component record,public-use-deidentified-or-aggregate,low,custom-survey-etl,reference,disease-surveillance;population-risk;health-equity-analysis,SEQN;LOINC-like lab variables;survey weights,2026-05-17
nhis,National Health Interview Survey,NHIS,cdc-surveillance,open,https://www.cdc.gov/nchs/nhis/documentation/index.html,https://www.cdc.gov/nchs/nhis/documentation/index.html,"respondent, report, certificate, facility, or aggregate public-health record",surveillance observation,public-use-deidentified-or-aggregate,low,not-primary-omop-source,seed,disease-surveillance;population-risk;health-equity-analysis,survey variables;weights,2026-05-17
nhsn,National Healthcare Safety Network,NHSN,cdc-surveillance,dua,https://www.cdc.gov/nhsn/,https://www.cdc.gov/nhsn/,"respondent, report, certificate, facility, or aggregate public-health record",surveillance observation,public-use-deidentified-or-aggregate,low,not-primary-omop-source,seed,disease-surveillance;population-risk;health-equity-analysis,,2026-05-17
nndss,National Notifiable Diseases Surveillance System,NNDSS,cdc-surveillance,open,https://www.cdc.gov/nndss/,https://www.cdc.gov/nndss/,"respondent, report, certificate, facility, or aggregate public-health record",surveillance observation,public-use-deidentified-or-aggregate,low,not-primary-omop-source,seed,disease-surveillance;population-risk;health-equity-analysis,condition codes;MMWR week;jurisdiction,2026-05-17
npcr,National Program of Cancer Registries,NPCR,cdc-surveillance,dua,https://www.cdc.gov/national-program-cancer-registries/index.html,https://www.cdc.gov/national-program-cancer-registries/index.html,"respondent, report, certificate, facility, or aggregate public-health record",surveillance observation,public-use-deidentified-or-aggregate,low,not-primary-omop-source,seed,disease-surveillance;population-risk;health-equity-analysis,ICD-O-3;cancer registry identifiers,2026-05-17
nsduh,National Survey on Drug Use and Health,NSDUH,cdc-surveillance,open,https://www.samhsa.gov/data/data-we-collect/nsduh-national-survey-drug-use-and-health,https://www.samhsa.gov/data/data-we-collect/nsduh-national-survey-drug-use-and-health,"respondent, report, certificate, facility, or aggregate public-health record",surveillance observation,public-use-deidentified-or-aggregate,low,not-primary-omop-source,seed,disease-surveillance;population-risk;health-equity-analysis,survey variables;weights,2026-05-17
nvss,National Vital Statistics System,NVSS,cdc-surveillance,open,https://www.cdc.gov/nchs/nvss/index.htm,https://www.cdc.gov/nchs/nvss/index.htm,"respondent, report, certificate, facility, or aggregate public-health record",surveillance observation,public-use-deidentified-or-aggregate,low,not-primary-omop-source,seed,disease-surveillance;population-risk;health-equity-analysis,ICD-10 cause of death;FIPS,2026-05-17
places-500-cities,PLACES / 500 Cities Small-Area Health Estimates,PLACES,cdc-surveillance,open,https://www.cdc.gov/places/,https://www.cdc.gov/places/,"county, place, census tract, and ZCTA-level modeled indicator estimate",geography-indicator-year estimate,public-use-deidentified-or-aggregate,low,geospatial-context-enrichment,reference,disease-surveillance;population-risk;health-equity-analysis,FIPS;GEOID;ZCTA;model-based estimates,2026-05-17
prams,Pregnancy Risk Assessment Monitoring System,PRAMS,cdc-surveillance,dua,https://www.cdc.gov/prams/php/data-research/index.html,https://www.cdc.gov/prams/php/data-research/index.html,"respondent, report, certificate, facility, or aggregate public-health record",surveillance observation,public-use-deidentified-or-aggregate,low,not-primary-omop-source,seed,disease-surveillance;population-risk;health-equity-analysis,,2026-05-17
seer,SEER Cancer Incidence and Survival Data,SEER,cdc-surveillance,registration,https://seer.cancer.gov/data/,https://seer.cancer.gov/data/,"respondent, report, certificate, facility, or aggregate public-health record",surveillance observation,public-use-deidentified-or-aggregate,low,not-primary-omop-source,seed,disease-surveillance;population-risk;health-equity-analysis,ICD-O-3;AJCC stage;SEER site recodes,2026-05-17
vaers,Vaccine Adverse Event Reporting System,VAERS,cdc-surveillance,open,https://vaers.hhs.gov/data.html,https://vaers.hhs.gov/data.html,"respondent, report, certificate, facility, or aggregate public-health record",surveillance observation,public-use-deidentified-or-aggregate,low,not-primary-omop-source,seed,disease-surveillance;population-risk;health-equity-analysis,VAERS_ID;MedDRA;vaccine codes,2026-05-17
wisqars,Web-based Injury Statistics Query and Reporting System,WISQARS,cdc-surveillance,open,https://wisqars.cdc.gov/,https://wisqars.cdc.gov/,"respondent, report, certificate, facility, or aggregate public-health record",surveillance observation,public-use-deidentified-or-aggregate,low,not-primary-omop-source,seed,disease-surveillance;population-risk;health-equity-analysis,,2026-05-17
yrbss,Youth Risk Behavior Surveillance System,YRBSS,cdc-surveillance,open,https://www.cdc.gov/yrbs/,https://www.cdc.gov/yrbs/,"respondent, report, certificate, facility, or aggregate public-health record",surveillance observation,public-use-deidentified-or-aggregate,low,not-primary-omop-source,seed,disease-surveillance;population-risk;health-equity-analysis,,2026-05-17
acs-1yr-5yr,American Community Survey 1-Year and 5-Year Data,ACS,census,open,https://www.census.gov/programs-surveys/acs/data.html,https://www.census.gov/programs-surveys/acs/data.html,geography-indicator-year estimate,population or demographic estimate,none-aggregate-geography,none,geospatial-context-enrichment,seed,health-equity-analysis;population-denominators;sdoh-risk-stratification,GEOID;ACS table IDs;MOE,2026-05-17
decennial-census,Decennial Census,Decennial Census,census,open,https://www.census.gov/programs-surveys/decennial-census/data.html,https://www.census.gov/programs-surveys/decennial-census/data.html,geography-indicator-year estimate,population or demographic estimate,none-aggregate-geography,none,geospatial-context-enrichment,seed,health-equity-analysis;population-denominators;sdoh-risk-stratification,GEOID;decennial tables,2026-05-17
lehd-onthemap,LEHD / OnTheMap,LEHD,census,open,https://lehd.ces.census.gov/data/,https://lehd.ces.census.gov/data/,geography-indicator-year estimate,population or demographic estimate,none-aggregate-geography,none,geospatial-context-enrichment,seed,health-equity-analysis;population-denominators;sdoh-risk-stratification,,2026-05-17
sahie,Small Area Health Insurance Estimates,SAHIE,census,open,https://www.census.gov/programs-surveys/sahie.html,https://www.census.gov/programs-surveys/sahie.html,geography-indicator-year estimate,population or demographic estimate,none-aggregate-geography,none,geospatial-context-enrichment,seed,health-equity-analysis;population-denominators;sdoh-risk-stratification,,2026-05-17
saipe,Small Area Income and Poverty Estimates,SAIPE,census,open,https://www.census.gov/programs-surveys/saipe.html,https://www.census.gov/programs-surveys/saipe.html,geography-indicator-year estimate,population or demographic estimate,none-aggregate-geography,none,geospatial-context-enrichment,seed,health-equity-analysis;population-denominators;sdoh-risk-stratification,,2026-05-17
ca-hcai,California Health Care Access and Information Data Resources,CA HCAI,claims-commercial,mixed,https://hcai.ca.gov/data/data-resources/,https://hcai.ca.gov/data/data-resources/,"claim-line, negotiated-rate, encounter, plan, provider, or aggregate depending product",commercial claims or price record,none-to-restricted,low-to-high depending product,custom-claims-etl,seed,price-transparency;cost-prediction;market-intelligence,,2026-05-17
hcci-commercial-claims,Health Care Cost Institute Commercial Claims Data and Aggregates,HCCI,claims-commercial,dua,https://healthcostinstitute.org/data,https://healthcostinstitute.org/data,"claim-line, negotiated-rate, encounter, plan, provider, or aggregate depending product",commercial claims or price record,none-to-restricted,low-to-high depending product,custom-claims-etl,seed,price-transparency;cost-prediction;market-intelligence,ICD;CPT;HCPCS;NDC;NPI,2026-05-17
hospital-price-transparency-mrfs,Hospital Price Transparency Machine-Readable Files,Hospital Price Transparency,claims-commercial,open,https://www.cms.gov/priorities/key-initiatives/hospital-price-transparency,https://www.cms.gov/priorities/key-initiatives/hospital-price-transparency,"claim-line, negotiated-rate, encounter, plan, provider, or aggregate depending product",commercial claims or price record,none-to-restricted,low-to-high depending product,custom-claims-etl,seed,price-transparency;cost-prediction;market-intelligence,HCPCS;CPT;DRG;payer/plan names,2026-05-17
ny-sparcs,New York SPARCS Hospital Inpatient / ED / Ambulatory Surgery Data,NY SPARCS,claims-commercial,mixed,https://www.health.ny.gov/statistics/sparcs/access/,https://www.health.ny.gov/statistics/sparcs/access/,"claim-line, negotiated-rate, encounter, plan, provider, or aggregate depending product",commercial claims or price record,none-to-restricted,low-to-high depending product,custom-claims-etl,seed,price-transparency;cost-prediction;market-intelligence,,2026-05-17
state-apcds,State All-Payer Claims Databases,State APCDs,claims-commercial,mixed,https://www.apcdcouncil.org/,https://www.apcdcouncil.org/,"member, enrollment month, claim, claim-line, provider, or aggregate depending state and access tier",state claims analytic record,mixed-public-aggregate-to-restricted-microdata,medium-high for microdata,custom-state-claims-etl,reference,price-transparency;cost-prediction;market-intelligence,ICD;CPT;HCPCS;NDC;NPI;payer identifiers,2026-05-17
transparency-in-coverage-mrfs,Transparency in Coverage Payer Machine-Readable Files,TiC MRFs,claims-commercial,open,https://www.cms.gov/priorities/healthplan-price-transparency,https://www.cms.gov/priorities/healthplan-price-transparency,"claim-line, negotiated-rate, encounter, plan, provider, or aggregate depending product",commercial claims or price record,none-to-restricted,low-to-high depending product,custom-claims-etl,seed,price-transparency;cost-prediction;market-intelligence,HCPCS;CPT;NPI;TIN;payer/plan,2026-05-17
tx-thcic,Texas Health Care Information Collection Public Use Data Files,TX THCIC,claims-commercial,mixed,https://www.dshs.texas.gov/center-health-statistics/texas-health-care-information-collection,https://www.dshs.texas.gov/center-health-statistics/texas-health-care-information-collection,"claim-line, negotiated-rate, encounter, plan, provider, or aggregate depending product",commercial claims or price record,none-to-restricted,low-to-high depending product,custom-claims-etl,seed,price-transparency;cost-prediction;market-intelligence,,2026-05-17
all-of-us,All of Us Research Program,All of Us,clinical-research,registration,https://www.researchallofus.org/,https://www.researchallofus.org/,"participant-level OMOP tables, surveys, measurements, biospecimens, wearables, and genomics by access tier",research participant record,controlled-access-deidentified,medium-high,native-omop-oriented,reference,mortality-risk;clinical-benchmarking;multimodal-modeling,OMOP CDM;SNOMED CT;LOINC;RxNorm,2026-05-17
clinicaltrials-gov,ClinicalTrials.gov,ClinicalTrials.gov,clinical-research,open,https://clinicaltrials.gov/data-api,https://clinicaltrials.gov/data-api,"participant, encounter, stay, event, waveform, image, or study record",clinical research observation,credentialed-deidentified-or-controlled,medium-to-high,supported-for-some-sources,seed,mortality-risk;clinical-benchmarking;multimodal-modeling,NCT ID;MeSH-like condition/intervention terms,2026-05-17
dbgap,Database of Genotypes and Phenotypes,dbGaP,clinical-research,irb,https://www.ncbi.nlm.nih.gov/gap/,https://www.ncbi.nlm.nih.gov/gap/,"participant, encounter, stay, event, waveform, image, or study record",clinical research observation,credentialed-deidentified-or-controlled,medium-to-high,supported-for-some-sources,seed,mortality-risk;clinical-benchmarking;multimodal-modeling,,2026-05-17
eicu-crd,eICU Collaborative Research Database,eICU-CRD,clinical-research,registration,https://physionet.org/content/eicu-crd/2.0/,https://physionet.org/content/eicu-crd/2.0/,ICU patient/unit-stay/event tables across multiple hospitals,ICU stay and event,deidentified-credentialed,medium,custom-critical-care-etl,reference,mortality-risk;clinical-benchmarking;multimodal-modeling,patientUnitStayID;hospitalid;event tables,2026-05-17
mimic-cxr,MIMIC-CXR,MIMIC-CXR,clinical-research,registration,https://physionet.org/content/mimic-cxr/,https://physionet.org/content/mimic-cxr/,"participant, encounter, stay, event, waveform, image, or study record",clinical research observation,credentialed-deidentified-or-controlled,medium-to-high,supported-for-some-sources,seed,mortality-risk;clinical-benchmarking;multimodal-modeling,subject_id;study_id;DICOM metadata,2026-05-17
mimic-iii,MIMIC-III,MIMIC-III,clinical-research,registration,https://physionet.org/content/mimiciii/,https://physionet.org/content/mimiciii/,"participant, encounter, stay, event, waveform, image, or study record",clinical research observation,credentialed-deidentified-or-controlled,medium-to-high,supported-for-some-sources,seed,mortality-risk;clinical-benchmarking;multimodal-modeling,subject_id;hadm_id;ICD-9-CM;itemid,2026-05-17
mimic-iv,MIMIC-IV,MIMIC-IV,clinical-research,registration,https://physionet.org/content/mimiciv/,https://physionet.org/content/mimiciv/,"person, admission, ICU stay, procedure, diagnosis, lab, medication, chart-event, and note/module records depending access","hospital admission, ICU stay, or event",deidentified-credentialed,medium,well-supported,reference,mortality-risk;clinical-benchmarking;multimodal-modeling,subject_id;hadm_id;stay_id;ICD-9-CM;ICD-10-CM;RxNorm via ETL;LOINC-like lab item IDs,2026-05-17
physionet,PhysioNet Database Catalog,PhysioNet,clinical-research,mixed,https://physionet.org/,https://physionet.org/,"participant, encounter, stay, event, waveform, image, or study record",clinical research observation,credentialed-deidentified-or-controlled,medium-to-high,supported-for-some-sources,seed,mortality-risk;clinical-benchmarking;multimodal-modeling,,2026-05-17
seer-medicare,SEER-Medicare Linked Data,SEER-Medicare,clinical-research,dua,https://healthcaredelivery.cancer.gov/seermedicare/obtain/,https://healthcaredelivery.cancer.gov/seermedicare/obtain/,tumor/case registry records linked to beneficiary enrollment and Medicare claims,"cancer case, beneficiary, and claim-line",restricted-linked-registry-claims,high,custom-registry-plus-claims-etl,reference,mortality-risk;clinical-benchmarking;multimodal-modeling,ICD-O-3;BENE_ID;Medicare claims vocabularies,2026-05-17
uk-biobank,UK Biobank,UK Biobank,clinical-research,irb,https://www.ukbiobank.ac.uk/use-our-data/apply-for-access/,https://www.ukbiobank.ac.uk/use-our-data/apply-for-access/,"participant, encounter, stay, event, waveform, image, or study record",clinical research observation,credentialed-deidentified-or-controlled,medium-to-high,supported-for-some-sources,seed,mortality-risk;clinical-benchmarking;multimodal-modeling,,2026-05-17
cms-care-compare-family,CMS Hospital / Nursing Home / Home Health / Hospice Compare,CMS Care Compare,cms-medicare,open,https://data.cms.gov/provider-data/,https://data.cms.gov/provider-data/,"provider, beneficiary, claim, claim-line, plan, or facility-measure record depending on file",Medicare analytic record,public-aggregate-or-restricted-microdata,low-to-high depending access tier,supported-or-custom-claims-etl,seed,cost-prediction;provider-benchmarking;readmission-prediction,,2026-05-17
cms-open-payments,CMS Open Payments,Open Payments,cms-medicare,open,https://openpaymentsdata.cms.gov/,https://openpaymentsdata.cms.gov/,"provider, beneficiary, claim, claim-line, plan, or facility-measure record depending on file",Medicare analytic record,public-aggregate-or-restricted-microdata,low-to-high depending access tier,supported-or-custom-claims-etl,seed,cost-prediction;provider-benchmarking;readmission-prediction,,2026-05-17
cms-provider-of-services-file,CMS Provider of Services File,POS File,cms-medicare,open,https://data.cms.gov/provider-characteristics/hospitals-and-other-facilities/provider-of-services-file,https://data.cms.gov/provider-characteristics/hospitals-and-other-facilities/provider-of-services-file,"provider, beneficiary, claim, claim-line, plan, or facility-measure record depending on file",Medicare analytic record,public-aggregate-or-restricted-microdata,low-to-high depending access tier,supported-or-custom-claims-etl,seed,cost-prediction;provider-benchmarking;readmission-prediction,,2026-05-17
hcahps,HCAHPS Survey Results,HCAHPS,cms-medicare,open,https://www.cms.gov/medicare/quality/initiatives/hospital-quality-initiative/hcahps-patients-perspectives-care-survey,https://www.cms.gov/medicare/quality/initiatives/hospital-quality-initiative/hcahps-patients-perspectives-care-survey,"provider, beneficiary, claim, claim-line, plan, or facility-measure record depending on file",Medicare analytic record,public-aggregate-or-restricted-microdata,low-to-high depending access tier,supported-or-custom-claims-etl,seed,cost-prediction;provider-benchmarking;readmission-prediction,,2026-05-17
medicare-advantage-enrollment-landscape,Medicare Advantage Enrollment and Landscape Files,MA enrollment/landscape,cms-medicare,open,https://www.cms.gov/data-research/statistics-trends-and-reports/medicareadvantagepartdenrollment,https://www.cms.gov/data-research/statistics-trends-and-reports/medicareadvantagepartdenrollment,"provider, beneficiary, claim, claim-line, plan, or facility-measure record depending on file",Medicare analytic record,public-aggregate-or-restricted-microdata,low-to-high depending access tier,supported-or-custom-claims-etl,seed,cost-prediction;provider-benchmarking;readmission-prediction,,2026-05-17
medicare-beneficiary-summary-file,Medicare Beneficiary Summary File,MBSF,cms-medicare,dua,https://resdac.org/cms-data/files/mbsf-base,https://resdac.org/cms-data/files/mbsf-base,"provider, beneficiary, claim, claim-line, plan, or facility-measure record depending on file",Medicare analytic record,public-aggregate-or-restricted-microdata,low-to-high depending access tier,supported-or-custom-claims-etl,seed,cost-prediction;provider-benchmarking;readmission-prediction,BENE_ID;CCW chronic condition flags,2026-05-17
medicare-cost-reports-hcris,Medicare Cost Reports / HCRIS,HCRIS,cms-medicare,open,https://www.cms.gov/data-research/statistics-trends-and-reports/cost-reports,https://www.cms.gov/data-research/statistics-trends-and-reports/cost-reports,"provider, beneficiary, claim, claim-line, plan, or facility-measure record depending on file",Medicare analytic record,public-aggregate-or-restricted-microdata,low-to-high depending access tier,supported-or-custom-claims-etl,seed,cost-prediction;provider-benchmarking;readmission-prediction,,2026-05-17
medicare-ffs-claims-rif,Medicare Fee-for-Service Claims Research Identifiable and Limited Data Files,Medicare FFS Claims,cms-medicare,dua,https://resdac.org/cms-data/request/cms-data-request-center,https://resdac.org/cms-data/request/cms-data-request-center,"beneficiary, claim, claim-line, enrollment-month, and provider/facility records",Medicare FFS beneficiary and claim-line,research-identifiable-or-limited-data-set,high,well-supported,reference,cost-prediction;provider-benchmarking;readmission-prediction,ICD-9-CM;ICD-10-CM;ICD-10-PCS;HCPCS;CPT;NDC;NPI;MS-DRG,2026-05-17
medicare-provider-utilization-payment,Medicare Provider Utilization and Payment Public Use Files,Medicare Provider Utilization,cms-medicare,open,https://data.cms.gov/provider-summary-by-type-of-service,https://data.cms.gov/provider-summary-by-type-of-service,"provider, beneficiary, claim, claim-line, plan, or facility-measure record depending on file",Medicare analytic record,public-aggregate-or-restricted-microdata,low-to-high depending access tier,supported-or-custom-claims-etl,seed,cost-prediction;provider-benchmarking;readmission-prediction,NPI;HCPCS;CPT;NDC;DRG,2026-05-17
medicare-synpuf,Medicare Claims Synthetic Public Use Files,DE-SynPUF,cms-medicare,open,https://www.cms.gov/data-research/statistics-trends-and-reports/medicare-claims-synthetic-public-use-files,https://www.cms.gov/data-research/statistics-trends-and-reports/medicare-claims-synthetic-public-use-files,"synthetic beneficiary, claim, claim-line, and prescription event records",synthetic Medicare beneficiary and claim-line,synthetic,none,well-supported,reference,cost-prediction;provider-benchmarking;readmission-prediction,ICD-9-CM;HCPCS;CPT;NDC;MS-DRG,2026-05-17
meps,Medical Expenditure Panel Survey,MEPS,cms-medicare,open,https://meps.ahrq.gov/mepsweb/data_stats/download_data_files.jsp,https://meps.ahrq.gov/mepsweb/data_stats/download_data_files.jsp,"provider, beneficiary, claim, claim-line, plan, or facility-measure record depending on file",Medicare analytic record,public-aggregate-or-restricted-microdata,low-to-high depending access tier,supported-or-custom-claims-etl,seed,cost-prediction;provider-benchmarking;readmission-prediction,ICD/condition recodes;event identifiers;survey weights,2026-05-17
chembl,ChEMBL,ChEMBL,drug-pharma,open,https://www.ebi.ac.uk/chembl/downloads/,https://www.ebi.ac.uk/chembl/downloads/,"drug product, label, adverse-event report, compound, target, or safety concept",drug/safety record,none-public-regulatory-or-knowledgebase,low,drug-vocabulary-or-knowledge-enrichment,seed,adverse-drug-events;pharmacovigilance;drug-knowledge-graph,ChEMBL IDs;InChI;assay/target IDs,2026-05-17
dailymed,DailyMed Structured Product Labels,DailyMed,drug-pharma,open,https://dailymed.nlm.nih.gov/dailymed/spl-resources-all-drug-labels.cfm,https://dailymed.nlm.nih.gov/dailymed/spl-resources-all-drug-labels.cfm,"drug product, label, adverse-event report, compound, target, or safety concept",drug/safety record,none-public-regulatory-or-knowledgebase,low,drug-vocabulary-or-knowledge-enrichment,seed,adverse-drug-events;pharmacovigilance;drug-knowledge-graph,SPL Set ID;NDC;RxNorm maps,2026-05-17
drugbank,DrugBank,DrugBank,drug-pharma,purchase,https://go.drugbank.com/,https://go.drugbank.com/,"drug product, label, adverse-event report, compound, target, or safety concept",drug/safety record,none-public-regulatory-or-knowledgebase,low,drug-vocabulary-or-knowledge-enrichment,seed,adverse-drug-events;pharmacovigilance;drug-knowledge-graph,DrugBank ID;targets;pathways,2026-05-17
faers,FDA Adverse Event Reporting System,FAERS,drug-pharma,open,https://www.fda.gov/drugs/questions-and-answers-fdas-adverse-event-reporting-system-faers/fda-adverse-event-reporting-system-faers-public-dashboard,https://www.fda.gov/drugs/questions-and-answers-fdas-adverse-event-reporting-system-faers/fda-adverse-event-reporting-system-faers-public-dashboard,"case/report tables across demographic, drug, reaction, indication, outcome, and therapy components",adverse-event case/report,none-public-regulatory-or-knowledgebase,low,custom-pharmacovigilance-etl,reference,adverse-drug-events;pharmacovigilance;drug-knowledge-graph,CASEID;ISR;MedDRA;drug names,2026-05-17
openfda,openFDA,openFDA,drug-pharma,open,https://open.fda.gov/,https://open.fda.gov/,endpoint-specific JSON record or bulk download document,regulatory record,none-public-regulatory-or-knowledgebase,low,knowledge-enrichment,reference,adverse-drug-events;pharmacovigilance;drug-knowledge-graph,NDC;UNII;MedDRA where applicable,2026-05-17
orange-purple-book,FDA Orange Book / Purple Book,Orange/Purple Book,drug-pharma,open,https://www.fda.gov/drugs/drug-approvals-and-databases/approved-drug-products-therapeutic-equivalence-evaluations-orange-book,https://www.fda.gov/drugs/drug-approvals-and-databases/approved-drug-products-therapeutic-equivalence-evaluations-orange-book,"drug product, label, adverse-event report, compound, target, or safety concept",drug/safety record,none-public-regulatory-or-knowledgebase,low,drug-vocabulary-or-knowledge-enrichment,seed,adverse-drug-events;pharmacovigilance;drug-knowledge-graph,NDA/ANDA/BLA;TE codes;patent/exclusivity,2026-05-17
sider,SIDER Side Effect Resource,SIDER,drug-pharma,open,http://sideeffects.embl.de/,http://sideeffects.embl.de/,"drug product, label, adverse-event report, compound, target, or safety concept",drug/safety record,none-public-regulatory-or-knowledgebase,low,drug-vocabulary-or-knowledge-enrichment,seed,adverse-drug-events;pharmacovigilance;drug-knowledge-graph,drug identifiers;side-effect terms,2026-05-17
clinvar-omim-gnomad,ClinVar / OMIM / gnomAD,ClinVar-OMIM-gnomAD,genomics,mixed,https://www.ncbi.nlm.nih.gov/clinvar/,https://www.ncbi.nlm.nih.gov/clinvar/,"variant, gene, phenotype, association, or ontology concept",genomic or phenotype knowledge record,none-public-aggregate-or-controlled-if-individual-level,medium for genomic merges,custom-genomics-extension,seed,variant-interpretation;rare-disease-phenotyping;polygenic-risk,ClinVar Variation ID;HGVS;rsID;OMIM;gnomAD frequency,2026-05-17
gwas-catalog,NHGRI-EBI GWAS Catalog,GWAS Catalog,genomics,open,https://www.ebi.ac.uk/gwas/downloads,https://www.ebi.ac.uk/gwas/downloads,"variant, gene, phenotype, association, or ontology concept",genomic or phenotype knowledge record,none-public-aggregate-or-controlled-if-individual-level,medium for genomic merges,custom-genomics-extension,seed,variant-interpretation;rare-disease-phenotyping;polygenic-risk,rsID;EFO trait;study accession,2026-05-17
human-phenotype-ontology,Human Phenotype Ontology,HPO,genomics,open,https://hpo.jax.org/app/download/ontology,https://hpo.jax.org/app/download/ontology,"variant, gene, phenotype, association, or ontology concept",genomic or phenotype knowledge record,none-public-aggregate-or-controlled-if-individual-level,medium for genomic merges,custom-genomics-extension,seed,variant-interpretation;rare-disease-phenotyping;polygenic-risk,HPO ID;disease annotations,2026-05-17
hcup-kid,HCUP Kids’ Inpatient Database,HCUP KID,hcup,purchase,https://hcup-us.ahrq.gov/kidoverview.jsp,https://hcup-us.ahrq.gov/kidoverview.jsp,weighted hospital discharge or encounter record,hospital utilization encounter,deidentified-governed,medium,custom-encounter-etl,seed,utilization-modeling;burden-estimation;readmission-prediction,ICD-9-CM;ICD-10-CM/PCS;HCUP weights,2026-05-17
hcup-neds,HCUP Nationwide Emergency Department Sample,HCUP NEDS,hcup,purchase,https://hcup-us.ahrq.gov/nedsoverview.jsp,https://hcup-us.ahrq.gov/nedsoverview.jsp,weighted hospital discharge or encounter record,hospital utilization encounter,deidentified-governed,medium,custom-encounter-etl,seed,utilization-modeling;burden-estimation;readmission-prediction,ICD-9-CM;ICD-10-CM/PCS;HCUP weights,2026-05-17
hcup-nis,HCUP National Inpatient Sample,HCUP NIS,hcup,purchase,https://hcup-us.ahrq.gov/nisoverview.jsp,https://hcup-us.ahrq.gov/nisoverview.jsp,discharge-level inpatient record with survey design variables and weights,hospital discharge,deidentified-governed,medium,custom-discharge-etl,reference,utilization-modeling;burden-estimation;readmission-prediction,ICD-9-CM;ICD-10-CM/PCS;HCUP weights,2026-05-17
hcup-sid-sasd,HCUP State Inpatient Databases / State Ambulatory Surgery and Services Databases,HCUP SID/SASD,hcup,purchase,https://hcup-us.ahrq.gov/db/state/siddbdocumentation.jsp,https://hcup-us.ahrq.gov/db/state/siddbdocumentation.jsp,weighted hospital discharge or encounter record,hospital utilization encounter,deidentified-governed,medium,custom-encounter-etl,seed,utilization-modeling;burden-estimation;readmission-prediction,ICD-9-CM;ICD-10-CM/PCS;state identifiers,2026-05-17
adni,Alzheimer’s Disease Neuroimaging Initiative,ADNI,imaging,registration,https://adni.loni.usc.edu/data-samples/,https://adni.loni.usc.edu/data-samples/,"image, study, series, DICOM object, report, participant, or collection",medical imaging observation,deidentified-or-governed,medium,custom-imaging-extension,seed,medical-imaging;multimodal-modeling;clinical-benchmarking,RID;visit;imaging/biomarker/genetic IDs,2026-05-17
chexpert,CheXpert,CheXpert,imaging,registration,https://aimi.stanford.edu/datasets/chexpert-chest-x-rays,https://aimi.stanford.edu/datasets/chexpert-chest-x-rays,"image, study, series, DICOM object, report, participant, or collection",medical imaging observation,deidentified-or-governed,medium,custom-imaging-extension,seed,medical-imaging;multimodal-modeling;clinical-benchmarking,patient/study/image IDs;uncertainty labels,2026-05-17
isic-archive,ISIC Dermoscopy Archive,ISIC,imaging,open,https://www.isic-archive.com/,https://www.isic-archive.com/,"image, study, series, DICOM object, report, participant, or collection",medical imaging observation,deidentified-or-governed,medium,custom-imaging-extension,seed,medical-imaging;multimodal-modeling;clinical-benchmarking,image IDs;diagnosis labels,2026-05-17
nih-chestxray14,NIH ChestX-ray14,ChestX-ray14,imaging,open,https://nihcc.app.box.com/v/ChestXray-NIHCC,https://nihcc.app.box.com/v/ChestXray-NIHCC,"image, study, series, DICOM object, report, participant, or collection",medical imaging observation,deidentified-or-governed,medium,custom-imaging-extension,seed,medical-imaging;multimodal-modeling;clinical-benchmarking,patient/image IDs;report-derived labels,2026-05-17
tcia,The Cancer Imaging Archive,TCIA,imaging,open,https://www.cancerimagingarchive.net/collections/,https://www.cancerimagingarchive.net/collections/,"image, study, series, DICOM object, report, participant, or collection",medical imaging observation,deidentified-or-governed,medium,custom-imaging-extension,seed,medical-imaging;multimodal-modeling;clinical-benchmarking,DICOM identifiers;collection metadata,2026-05-17
eurostat-health,Eurostat Health Data,Eurostat Health,international,open,https://ec.europa.eu/eurostat/web/health/database,https://ec.europa.eu/eurostat/web/health/database,"country, region, indicator, survey respondent, household, or modeled estimate",global health analytic record,none-aggregate-or-deidentified-survey,low,not-primary-omop-source,seed,global-health-benchmarking;policy-modeling;health-system-resilience,country/region;indicator;year,2026-05-17
ihme-gbd-dhs,IHME Global Burden of Disease + DHS Program,GBD + DHS,international,mixed,https://www.healthdata.org/research-analysis/gbd,https://www.healthdata.org/research-analysis/gbd,"country, region, indicator, survey respondent, household, or modeled estimate",global health analytic record,none-aggregate-or-deidentified-survey,low,not-primary-omop-source,seed,global-health-benchmarking;policy-modeling;health-system-resilience,country/age/sex/cause/risk;DHS household/respondent IDs,2026-05-17
oecd-health-statistics,OECD Health Statistics,OECD Health Statistics,international,open,https://www.oecd.org/en/data/datasets/oecd-health-statistics.html,https://www.oecd.org/en/data/datasets/oecd-health-statistics.html,"country, region, indicator, survey respondent, household, or modeled estimate",global health analytic record,none-aggregate-or-deidentified-survey,low,not-primary-omop-source,seed,global-health-benchmarking;policy-modeling;health-system-resilience,country;indicator;year,2026-05-17
who-global-health-observatory,WHO Global Health Observatory,WHO GHO,international,open,https://www.who.int/data/gho,https://www.who.int/data/gho,"country, region, indicator, survey respondent, household, or modeled estimate",global health analytic record,none-aggregate-or-deidentified-survey,low,not-primary-omop-source,seed,global-health-benchmarking;policy-modeling;health-system-resilience,country;indicator;year,2026-05-17
tmsis-analytic-files,T-MSIS Analytic Files,TAF / T-MSIS,medicaid,dua,https://www.medicaid.gov/medicaid/data-systems/macbis/transformed-medicaid-statistical-information-system-t-msis/index.html,https://www.medicaid.gov/medicaid/data-systems/macbis/transformed-medicaid-statistical-information-system-t-msis/index.html,"beneficiary eligibility, enrollment, claim, encounter, and service-line files","Medicaid beneficiary, enrollment month, claim, or encounter",restricted,high,custom-claims-etl,reference,health-equity-analysis;cost-prediction;utilization-modeling,ICD-10-CM;HCPCS;CPT;NDC;NPI;state Medicaid identifiers,2026-05-17
cms-doctors-clinicians,CMS Doctors & Clinicians / Physician Compare,Doctors & Clinicians,provider,open,https://data.cms.gov/provider-data/topics/doctors-clinicians,https://data.cms.gov/provider-data/topics/doctors-clinicians,"provider, facility, taxonomy, or provider-pair edge",provider reference record,none-provider-public,none-for-patient-reid,provider-dimension-enrichment,seed,provider-benchmarking;network-analysis;provider-mastering,NPI;CCN;measure IDs,2026-05-17
cms-provider-data-catalog,CMS Provider Data Catalog,Provider Data Catalog,provider,open,https://data.cms.gov/provider-data/,https://data.cms.gov/provider-data/,"provider, facility, taxonomy, or provider-pair edge",provider reference record,none-provider-public,none-for-patient-reid,provider-dimension-enrichment,seed,provider-benchmarking;network-analysis;provider-mastering,,2026-05-17
docgraph-referral-graph,DocGraph / Medicare Provider Referral Graph,DocGraph,provider,open,https://careset.com/docgraph-open-social-doctor-data/,https://careset.com/docgraph-open-social-doctor-data/,"provider, facility, taxonomy, or provider-pair edge",provider reference record,none-provider-public,none-for-patient-reid,provider-dimension-enrichment,seed,provider-benchmarking;network-analysis;provider-mastering,NPI;provider graph edges,2026-05-17
npdb-public-use-file,National Practitioner Data Bank Public Use File,NPDB PUF,provider,open,https://www.npdb.hrsa.gov/resources/publicData.jsp,https://www.npdb.hrsa.gov/resources/publicData.jsp,"provider, facility, taxonomy, or provider-pair edge",provider reference record,none-provider-public,none-for-patient-reid,provider-dimension-enrichment,seed,provider-benchmarking;network-analysis;provider-mastering,,2026-05-17
nppes-npi-registry,NPPES NPI Registry,NPPES,provider,open,https://download.cms.gov/nppes/NPI_Files.html,https://download.cms.gov/nppes/NPI_Files.html,"one record per NPI plus taxonomy, address, endpoint, and status fields",provider or organization NPI,none-provider-public,none-for-patient-reid,provider-dimension-enrichment,reference,provider-benchmarking;network-analysis;provider-mastering,NPI;NUCC taxonomy,2026-05-17
nucc-provider-taxonomy,NUCC Provider Taxonomy Code Set,NUCC Taxonomy,provider,open,https://taxonomy.nucc.org/,https://taxonomy.nucc.org/,"provider, facility, taxonomy, or provider-pair edge",provider reference record,none-provider-public,none-for-patient-reid,provider-dimension-enrichment,seed,provider-benchmarking;network-analysis;provider-mastering,NUCC taxonomy,2026-05-17
ahrq-sdoh-database,AHRQ Social Determinants of Health Database,AHRQ SDOH,sdoh,open,https://www.ahrq.gov/sdoh/data-analytics/sdoh-data.html,https://www.ahrq.gov/sdoh/data-analytics/sdoh-data.html,county- and ZIP-level SDOH variables by year/vintage,geography-year indicator,none-aggregate-geography,none,geospatial-context-enrichment,reference,sdoh-risk-stratification;health-equity-analysis;readmission-prediction,FIPS;county;ZIP,2026-05-17
area-deprivation-index,Area Deprivation Index / Neighborhood Atlas,ADI,sdoh,registration,https://www.neighborhoodatlas.medicine.wisc.edu/,https://www.neighborhoodatlas.medicine.wisc.edu/,census block-group or ZIP/neighborhood deprivation score depending product,geography-level deprivation score,none-aggregate-geography,none,geospatial-context-enrichment,reference,sdoh-risk-stratification;health-equity-analysis;readmission-prediction,GEOID;block group;ADI,2026-05-17
bls-laus,BLS Local Area Unemployment Statistics,LAUS,sdoh,open,https://www.bls.gov/lau/,https://www.bls.gov/lau/,"county, tract, block-group, ZIP, ZCTA, or geography-time indicator",geographic context measure,none-aggregate-geography,none,geospatial-context-enrichment,seed,sdoh-risk-stratification;health-equity-analysis;readmission-prediction,,2026-05-17
cdc-atsdr-svi,CDC/ATSDR Social Vulnerability Index,SVI,sdoh,open,https://www.atsdr.cdc.gov/place-health/php/svi/,https://www.atsdr.cdc.gov/place-health/php/svi/,"county, tract, block-group, ZIP, ZCTA, or geography-time indicator",geographic context measure,none-aggregate-geography,none,geospatial-context-enrichment,seed,sdoh-risk-stratification;health-equity-analysis;readmission-prediction,FIPS;GEOID;SVI themes,2026-05-17
county-health-rankings,County Health Rankings & Roadmaps,CHR&R,sdoh,open,https://www.countyhealthrankings.org/health-data,https://www.countyhealthrankings.org/health-data,county/state measure and rank records,county-year measure,none-aggregate-geography,none,geospatial-context-enrichment,reference,sdoh-risk-stratification;health-equity-analysis;readmission-prediction,,2026-05-17
dartmouth-atlas,Dartmouth Atlas of Health Care,Dartmouth Atlas,sdoh,open,https://data.dartmouthatlas.org/,https://data.dartmouthatlas.org/,"Hospital Referral Region, Hospital Service Area, provider, or geographic measure depending extract",geographic market or provider measure,none-aggregate-geography,none,geospatial-and-provider-context-enrichment,reference,sdoh-risk-stratification;health-equity-analysis;readmission-prediction,,2026-05-17
epa-aqs,EPA Air Quality System,EPA AQS,sdoh,open,https://www.epa.gov/aqs,https://www.epa.gov/aqs,"county, tract, block-group, ZIP, ZCTA, or geography-time indicator",geographic context measure,none-aggregate-geography,none,geospatial-context-enrichment,seed,sdoh-risk-stratification;health-equity-analysis;readmission-prediction,AQS site;pollutant;date/time,2026-05-17
epa-ejscreen,EPA EJScreen,EJScreen,sdoh,open,https://www.epa.gov/ejscreen,https://www.epa.gov/ejscreen,"county, tract, block-group, ZIP, ZCTA, or geography-time indicator",geographic context measure,none-aggregate-geography,none,geospatial-context-enrichment,seed,sdoh-risk-stratification;health-equity-analysis;readmission-prediction,GEOID;environmental indicators,2026-05-17
epa-walkability-index,EPA National Walkability Index / Smart Location Mapping,Walkability Index,sdoh,open,https://www.epa.gov/smartgrowth/smart-location-mapping,https://www.epa.gov/smartgrowth/smart-location-mapping,"county, tract, block-group, ZIP, ZCTA, or geography-time indicator",geographic context measure,none-aggregate-geography,none,geospatial-context-enrichment,seed,sdoh-risk-stratification;health-equity-analysis;readmission-prediction,,2026-05-17
hrsa-ahrf,Area Health Resources File,AHRF,sdoh,open,https://data.hrsa.gov/data/download,https://data.hrsa.gov/data/download,"county, tract, block-group, ZIP, ZCTA, or geography-time indicator",geographic context measure,none-aggregate-geography,none,geospatial-context-enrichment,seed,sdoh-risk-stratification;health-equity-analysis;readmission-prediction,FIPS;county variables,2026-05-17
hud-hmis-pit,HUD HMIS / Point-in-Time Homelessness Counts,HUD PIT/HMIS,sdoh,mixed,https://www.huduser.gov/portal/datasets/ahar.html,https://www.huduser.gov/portal/datasets/ahar.html,"county, tract, block-group, ZIP, ZCTA, or geography-time indicator",geographic context measure,none-aggregate-geography,none,geospatial-context-enrichment,seed,sdoh-risk-stratification;health-equity-analysis;readmission-prediction,,2026-05-17
ruca-codes,USDA Rural-Urban Commuting Area Codes,RUCA,sdoh,open,https://www.ers.usda.gov/data-products/rural-urban-commuting-area-codes/,https://www.ers.usda.gov/data-products/rural-urban-commuting-area-codes/,"county, tract, block-group, ZIP, ZCTA, or geography-time indicator",geographic context measure,none-aggregate-geography,none,geospatial-context-enrichment,seed,sdoh-risk-stratification;health-equity-analysis;readmission-prediction,tract;RUCA;ZIP approximation,2026-05-17
usda-food-access-environment,USDA Food Access Research Atlas / Food Environment Atlas,USDA Food Atlas,sdoh,open,https://www.ers.usda.gov/data-products/food-access-research-atlas/,https://www.ers.usda.gov/data-products/food-access-research-atlas/,"county, tract, block-group, ZIP, ZCTA, or geography-time indicator",geographic context measure,none-aggregate-geography,none,geospatial-context-enrichment,seed,sdoh-risk-stratification;health-equity-analysis;readmission-prediction,FIPS;tract/county,2026-05-17
atc-ddd,ATC/DDD Index,ATC/DDD,terminologies,open,https://atcddd.fhi.no/,https://atcddd.fhi.no/,"concept-code, terminology relationship, or ontology release table",coded biomedical concept,none,none,source-or-standard-vocabulary,seed,semantic-normalization;feature-engineering;crosswalks,ATC;DDD,2026-05-17
cpt-hcpcs-level-ii,CPT / HCPCS Level II,CPT/HCPCS,terminologies,purchase,https://www.cms.gov/medicare/coding/healthcare-common-procedure-system,https://www.cms.gov/medicare/coding/healthcare-common-procedure-system,"concept-code, terminology relationship, or ontology release table",coded biomedical concept,none,none,source-or-standard-vocabulary,seed,semantic-normalization;feature-engineering;crosswalks,CPT;HCPCS Level II,2026-05-17
fda-ndc-directory,FDA National Drug Code Directory,NDC Directory,terminologies,open,https://www.fda.gov/drugs/drug-approvals-and-databases/national-drug-code-directory,https://www.fda.gov/drugs/drug-approvals-and-databases/national-drug-code-directory,"concept-code, terminology relationship, or ontology release table",coded biomedical concept,none,none,source-or-standard-vocabulary,seed,semantic-normalization;feature-engineering;crosswalks,NDC,2026-05-17
icd-10-cm-pcs,ICD-10-CM / ICD-10-PCS,ICD-10-CM/PCS,terminologies,open,https://www.cms.gov/medicare/coding-billing/icd-10-codes,https://www.cms.gov/medicare/coding-billing/icd-10-codes,"concept-code, terminology relationship, or ontology release table",coded biomedical concept,none,none,source-or-standard-vocabulary,seed,semantic-normalization;feature-engineering;crosswalks,ICD-10-CM;ICD-10-PCS,2026-05-17
icd-11,ICD-11,ICD-11,terminologies,open,https://icd.who.int/browse11,https://icd.who.int/browse11,"concept-code, terminology relationship, or ontology release table",coded biomedical concept,none,none,source-or-standard-vocabulary,seed,semantic-normalization;feature-engineering;crosswalks,ICD-11,2026-05-17
icd-9-cm-gems,ICD-9-CM and General Equivalence Mappings,ICD-9-CM/GEMs,terminologies,open,https://www.cms.gov/medicare/coding-billing/icd-10-codes/general-equivalence-mappings,https://www.cms.gov/medicare/coding-billing/icd-10-codes/general-equivalence-mappings,"concept-code, terminology relationship, or ontology release table",coded biomedical concept,none,none,source-or-standard-vocabulary,seed,semantic-normalization;feature-engineering;crosswalks,ICD-9-CM;GEMs,2026-05-17
icd-o-3,ICD-O-3 Oncology Coding Resources,ICD-O-3,terminologies,open,https://seer.cancer.gov/icd-o-3/,https://seer.cancer.gov/icd-o-3/,"concept-code, terminology relationship, or ontology release table",coded biomedical concept,none,none,source-or-standard-vocabulary,seed,semantic-normalization;feature-engineering;crosswalks,ICD-O-3,2026-05-17
loinc,LOINC,LOINC,terminologies,registration,https://loinc.org/downloads/,https://loinc.org/downloads/,"concept-code, terminology relationship, or ontology release table",coded biomedical concept,none,none,source-or-standard-vocabulary,seed,semantic-normalization;feature-engineering;crosswalks,LOINC,2026-05-17
meddra,MedDRA,MedDRA,terminologies,purchase,https://www.meddra.org/,https://www.meddra.org/,"concept-code, terminology relationship, or ontology release table",coded biomedical concept,none,none,source-or-standard-vocabulary,seed,semantic-normalization;feature-engineering;crosswalks,MedDRA,2026-05-17
mesh,Medical Subject Headings,MeSH,terminologies,open,https://www.nlm.nih.gov/mesh/download_mesh.html,https://www.nlm.nih.gov/mesh/download_mesh.html,"concept-code, terminology relationship, or ontology release table",coded biomedical concept,none,none,source-or-standard-vocabulary,seed,semantic-normalization;feature-engineering;crosswalks,MeSH,2026-05-17
ms-drg-apr-drg,MS-DRG / APR-DRG,DRG groupers,terminologies,mixed,https://www.cms.gov/medicare/payment/prospective-payment-systems/acute-inpatient-pps/ms-drg-classifications-and-software,https://www.cms.gov/medicare/payment/prospective-payment-systems/acute-inpatient-pps/ms-drg-classifications-and-software,"concept-code, terminology relationship, or ontology release table",coded biomedical concept,none,none,source-or-standard-vocabulary,seed,semantic-normalization;feature-engineering;crosswalks,MS-DRG;APR-DRG,2026-05-17
nci-thesaurus,NCI Thesaurus,NCIt,terminologies,open,https://evs.nci.nih.gov/ftp1/NCI_Thesaurus/,https://evs.nci.nih.gov/ftp1/NCI_Thesaurus/,"concept-code, terminology relationship, or ontology release table",coded biomedical concept,none,none,source-or-standard-vocabulary,seed,semantic-normalization;feature-engineering;crosswalks,NCIt,2026-05-17
omop-cdm-athena,OMOP CDM / Athena Vocabulary Server,OMOP/Athena,terminologies,registration,https://athena.ohdsi.org/,https://athena.ohdsi.org/,OMOP CDM tables and standardized vocabulary tables,person-centric standardized observational record and vocabulary concept,depends-on-source-data,depends-on-source-data,canonical-target,reference,semantic-normalization;feature-engineering;crosswalks,OMOP CDM;OHDSI standardized vocabularies,2026-05-17
rxnorm,RxNorm,RxNorm,terminologies,open,https://www.nlm.nih.gov/research/umls/rxnorm/docs/rxnormfiles.html,https://www.nlm.nih.gov/research/umls/rxnorm/docs/rxnormfiles.html,"concept-code, terminology relationship, or ontology release table",coded biomedical concept,none,none,source-or-standard-vocabulary,seed,semantic-normalization;feature-engineering;crosswalks,RxNorm,2026-05-17
snomed-ct,SNOMED CT,SNOMED CT,terminologies,registration,https://www.nlm.nih.gov/healthit/snomedct/,https://www.nlm.nih.gov/healthit/snomedct/,"concept-code, terminology relationship, or ontology release table",coded biomedical concept,none,none,source-or-standard-vocabulary,seed,semantic-normalization;feature-engineering;crosswalks,SNOMED CT,2026-05-17
umls-metathesaurus,UMLS Metathesaurus,UMLS,terminologies,registration,https://www.nlm.nih.gov/research/umls/,https://www.nlm.nih.gov/research/umls/,"CUI, atom, string, semantic type, and relationship tables in Rich Release Format",biomedical concept and synonym/relationship atom,none,none,terminology-reconciliation,reference,semantic-normalization;feature-engineering;crosswalks,UMLS;CUI;semantic types,2026-05-17
